state,pincode,proposed_district,proposed_city,count
ANDHRA PRADESH,515001,,,1
ANDHRA PRADESH,515005,,,1
ANDHRA PRADESH,516360,KADAPA,PRODDATUR,2
ANDHRA PRADESH,517325,CHITTOOR,11 122NEHRU BAZAAR,1
ANDHRA PRADESH,518001,KURNOOL,,1
ANDHRA PRADESH,518001,KURNOOL,4TH FLOOR S V C SHROFF,1
ANDHRA PRADESH,518501,,,1
ANDHRA PRADESH,520001,KRISHNA,BAVAJI MATHAM LANEAM,1
ANDHRA PRADESH,520001,KRISHNA,ONE,1
ANDHRA PRADESH,520001,KRISHNA,VIJAYAWADA,1
ANDHRA PRADESH,520001,NTR,VIJAYAWADA,1
ANDHRA PRADESH,520002,KRISHNA,BUCINGHAMPETA,1
ANDHRA PRADESH,520002,KRISHNA,RAJAGOPALACHARI STREETGOVERNORPET,1
ANDHRA PRADESH,520002,KRISHNA,VIJAYAWADA,1
ANDHRA PRADESH,520002,NTR,VIJAYAWADA,1
ANDHRA PRADESH,520010,KRISHNA,LABBIPET,1
ANDHRA PRADESH,521001,KRISHNA,GUDUGUPETA,1
ANDHRA PRADESH,521175,KRISHNA,B,1
ANDHRA PRADESH,522002,GUNTUR,2 BRODIPET,1
ANDHRA PRADESH,522003,GUNTUR,ETUKURU,1
ANDHRA PRADESH,522003,GUNTUR,GANTALAMMA CHETTU TEMPLE,1
ANDHRA PRADESH,522201,GUNTUR,TENALI,2
ANDHRA PRADESH,522503,GUNTUR,MANGALAGIRI,3
ANDHRA PRADESH,522601,GUNTUR,6 1 63 MAIN ROADNEAR SIVA STATUE,1
ANDHRA PRADESH,523001,PRAKASAM,DISTT 523001,1
ANDHRA PRADESH,524001,,,5
ANDHRA PRADESH,530009,VISAKHAPATNAM,SAI SHOPPING CE,1
ANDHRA PRADESH,530013,VISAKHAPATNAM,SWARNA BHARATHI STADIUM,1
ANDHRA PRADESH,530016,VISAKHAPATNAM,JYOTHI BOOK STORE,1
ANDHRA PRADESH,530016,VISAKHAPATNAM,VRC COMPLEX,1
ANDHRA PRADESH,532421,SRIKAKULAM,ETA,1
ANDHRA PRADESH,533001,EAST GODAVARI,TURANGI,1
ANDHRA PRADESH,533103,EAST GODAVARI,KVR SWAMY ROADRAJAMAHENDRAVARAM,1
ANDHRA PRADESH,533401,EAST GODAVARI,TUNI,1
ANDHRA PRADESH,534001,,,1
ANDHRA PRADESH,534001,WEST GODAVARI,3 MAINBAZARBELLAMKOTTU SANDU,1
ANDHRA PRADESH,534201,WEST GODAVARI,BHIMAVARAM,1
ANDHRA PRADESH,534211,WEST GODAVARI,SUBBAM GRAND,1
ANDHRA PRADESH,535001,VIZIANAGARAM,7 1 2,1
ANDHRA PRADESH,560010,KRISHNA,2 TOWN JAIN COMPLEX VIJAYAWADA 520010,1
ASSAM,781001,KAMRUP METROPOLITAN,GUWAHATI 01,1
ASSAM,781315,BARPETA,1ST FLOOR,1
ASSAM,781315,BARPETA,B,1
ASSAM,782001,NAGAON,02ND FLOOR,1
ASSAM,783101,GOALPARA,TILAPARA,1
ASSAM,783331,DHUBRI,GAURIPUR,1
ASSAM,783370,KOKRAJHAR,04NEAR SBI ATM,1
ASSAM,783380,BONGAIGAON,,1
ASSAM,783380,BONGAIGAON,NORTH,1
ASSAM,784001,SONITPUR,MAHAJATI PRESS,1
ASSAM,785697,SIVASAGAR,TANKPATRIOT GIRINDRA NATH GOGOI PATH,1
ASSAM,786125,TINSUKIA,145A,1
ASSAM,787001,LAKHIMPUR,NORTH,1
ASSAM,788001,CACHAR,SILCHAR,1
BIHAR,800004,PATNA,16 & 17 3RD FLOOR DUNDA SHAHI COMPLEX OLD RUPAK CINEMA HALL BAKERGANJ,1
BIHAR,800004,PATNA,B,1
BIHAR,800004,PATNA,BAKARGANG,1
BIHAR,800004,PATNA,BAKARGANJ,1
BIHAR,800004,PATNA,BAKERGANJ,2
BIHAR,800004,PATNA,BARIPATH,2
BIHAR,800004,PATNA,BARIPATHDUNDA SAHI COMPLEX,1
BIHAR,800004,PATNA,COLLECTORIATE,1
BIHAR,800004,PATNA,G 10DUNDA SHAHI COMPLEX BAKERGANJ,1
BIHAR,800004,PATNA,KADAM KUAN,1
BIHAR,800004,PATNA,KADAMKUAN,1
BIHAR,800004,PATNA,VISION RUPAK COMMERCIAL COMPLEX,1
BIHAR,802101,BUXAR,,1
BIHAR,802101,BUXAR,1ST FLOOR,1
BIHAR,802301,BHOJPUR,AARAH,1
BIHAR,802301,BHOJPUR,AHMAM TOLI,1
BIHAR,803101,,,3
BIHAR,805110,NAWADA,STATIO,1
BIHAR,811201,MUNGER,NEAR DURGA TEMPLE,1
BIHAR,812002,BHAGALPUR,SUJAGANJ,2
BIHAR,821115,ROHTAS,26 MADAR DARWZAANDAR NAGARPALIKA,1
BIHAR,821115,ROHTAS,SASARAM,1
BIHAR,821307,ROHTAS,DEHRI ON SONE,1
BIHAR,823001,GAYA,,1
BIHAR,823001,GAYA,O MADHURI DEVI SARDAR VALLABH BHAI PATEL PATH,1
BIHAR,823001,GAYA,PIN 823001,1
BIHAR,841201,CHAPRA,FRUIT GOLA SAHEBGANJ,1
BIHAR,841226,SIWAN,NEAR BARI MASJID,1
BIHAR,841301,SARAN,CHHAPRASARAN,1
BIHAR,842001,MUZAFFARPUR,AHMAN TOLI,1
BIHAR,842001,MUZAFFARPUR,PURANI BAZARNEAR GARIBASTHAN MANDIR,1
BIHAR,843302,SITAMARHI,,2
BIHAR,843302,SITAMARHI,RATAN CHOWKJANKISTHAN,1
BIHAR,844122,VAISHALI,MAHUA,1
BIHAR,845401,EAST CHAMPARAN,MOTIHARI,1
BIHAR,845438,EAST CHAMPARAN,MOTIHARI,1
BIHAR,846001,DARBHANGA,BAKERGANJ,1
BIHAR,846004,DARBHANGA,,1
BIHAR,846004,DARBHANGA,BARA,1
BIHAR,847211,DARBHANGA,BARA,1
BIHAR,847211,MADHUBANI,,1
BIHAR,851101,BEGUSARAI,IGANJ,2
BIHAR,851204,KHAGARIA,,1
BIHAR,852113,MADHEPURA,NA,1
BIHAR,852201,SAHARSA,,1
BIHAR,854105,KATIHAR,BANIYATOLAPOST & PS,1
BIHAR,854301,PURNIA,,1
BIHAR,854301,PURNIA,PURNEA,1
BIHAR,855107,KISHANGANJ,,1
CHANDIGARH,160022,,,1
CHANDIGARH,160023,,,3
CHANDIGARH,160101,,,2
CHHATTISGARH,419001,,,1
CHHATTISGARH,491001,,,1
CHHATTISGARH,491441,,,1
CHHATTISGARH,492001,,,9
CHHATTISGARH,495001,,,2
CHHATTISGARH,497001,,,1
DELHI,110003,NEW DELHI,JAGARA MANDIR GALIKOTLA MUBARAKPUR,1
DELHI,110005,CENTRAL DELHI,1ST FLOOR BEADON PURAKAROL BAGH,1
DELHI,110005,CENTRAL DELHI,BEADONPURAKAROL BAGH,1
DELHI,110005,CENTRAL DELHI,BEW,1
DELHI,110005,CENTRAL DELHI,NEW DELHI,1
DELHI,110005,NEW DELHI,1ST FLOOR BEADONPURAKAROL BAGH,1
DELHI,110005,NEW DELHI,BANK STREETKAROL BAGH,1
DELHI,110005,NEW DELHI,BEADONPURA KAROL BAGH,1
DELHI,110005,NEW DELHI,BEADONPURAKAROL BAGH,1
DELHI,110005,NEW DELHI,KAROL BAGH,3
DELHI,110005,NEW DELHI,REHGARPURAKAROL BAGH,1
DELHI,110005,NORTH WEST DELHI,ASHOK VIHAR,1
DELHI,110006,CENTRAL DELHI,JAMA MASJID,1
DELHI,110006,NEW DELHI,110 006,1
DELHI,110006,NEW DELHI,REHGARPURAKAROL BAGH,1
DELHI,110006,NORTH DELHI,,3
DELHI,110006,NORTH DELHI,4TH FLOOR,1
DELHI,110006,NORTH DELHI,CHANDNI CHAOWK,1
DELHI,110006,NORTH DELHI,F,1
DELHI,110006,NORTH DELHI,FIRST FLOOR 181,1
DELHI,110006,NORTH DELHI,KUCHA MAHAJANI,2
DELHI,110006,NORTH DELHI,KUCHAMAHAJANI,1
DELHI,110018,NEW DELHI,TILAK,1
DELHI,110018,WEST DELHI,POST OFFICE,1
DELHI,110020,SOUTH EAST DELHI,OKHLA PHASE III,1
DELHI,110024,NEW DELHI,LAJPAT,1
DELHI,110024,SOUTH EAST DELHI,I 44,1
DELHI,110025,SOUTH DELHI,LAJPAT,1
DELHI,110034,NORTH WEST DELHI,SARASWATI VIHAR,1
DELHI,110040,NORTH WEST DELHI,NARELA,1
DELHI,110041,NORTH WEST DELHI,PUNJABI BASTI,1
DELHI,110043,SOUTH WEST DELHI,GALI CHAUDHRIYAN,1
DELHI,110051,EAST DELHI,B 1,1
DELHI,110051,NEW DELHI,G P O,1
DELHI,110052,NORTH DELHI,C 91,1
DELHI,110059,WEST DELHI,FIRST FLOOR,1
DELHI,110064,SOUTH WEST DELHI,MAYAPURI INDUSTRIAL,1
DELHI,110077,CENTRAL DELHI,BEADONPURAKAROL BAGH,1
DELHI,110085,NORTH WEST DELHI,AVANTIKA ROHINI,1
DELHI,110092,EAST DELHI,LAXMI,1
DELHI,110149,CENTRAL DELHI,KAROL BAGH,1
GOA,403601,,,2
GUJARAT,360001,RAJKOT,,4
GUJARAT,360001,RAJKOT,1ST FLOOR,1
GUJARAT,360001,RAJKOT,2 10 DIWANPARA OPP ASHAPURA CHAMBER,1
GUJARAT,360001,RAJKOT,29 RAJSHRUNGI COMPLEX OPP ASHAPURA TEMPLE,1
GUJARAT,360001,RAJKOT,BASEMENTOPP RAJNI BUILDING,1
GUJARAT,360001,RAJKOT,BHATT SHERY,1
GUJARAT,360001,RAJKOT,DERA SERI,1
GUJARAT,360001,RAJKOT,FOURTH FLOOR,1
GUJARAT,360001,RAJKOT,KOTHARIYA NAKA,1
GUJARAT,360001,RAJKOT,NR MAYURI APARTMENT,1
GUJARAT,360001,RAJKOT,PETA GALI,1
GUJARAT,360001,RAJKOT,POST OFFICE,1
GUJARAT,360001,RAJKOT,PRAHLAD PLOT,1
GUJARAT,360001,RAJKOT,RAJ PLAZA,1
GUJARAT,360001,RAJKOT,SHALIBHADRA SQUARE,1
GUJARAT,360001,RAJKOT,SHYAM ARCADE,1
GUJARAT,360002,RAJKOT,SQ FT,1
GUJARAT,360003,RAJKOT,NR BRAHM CHHATRIYA VADI,1
GUJARAT,360003,RAJKOT,NR PRAJAPATI VADI,1
GUJARAT,360003,RAJKOT,RANCHODNAGAR SOCIETY2,1
GUJARAT,360003,RAJKOT,SHRI BAVISHI WEIGH BRIDGE,1
GUJARAT,360311,RAJKOT,GONDAL,1
GUJARAT,360370,RAJKOT,MATVA STREETJETPUR RAJKOT,1
GUJARAT,360490,RAJKOT,UPLETA LATI PLOT,1
GUJARAT,360575,PORBANDAR,KIRTIMANDIR POLICE STATION,1
GUJARAT,361001,JAMNAGAR,CHANDI BAZAAR,1
GUJARAT,361001,JAMNAGAR,H RIXA STAND CHANDIBAZAR,1
GUJARAT,361305,,,1
GUJARAT,361305,DEVBHUMI DWARKA,KHAMBHALIA,1
GUJARAT,362001,JUNAGADH,BHAVNATH,1
GUJARAT,362001,JUNAGADH,DELI FADIYA,1
GUJARAT,362001,JUNAGADH,VITHILESH CHAMBER,1
GUJARAT,362220,JUNAGADH,KESHOD,1
GUJARAT,362265,JUNAGADH,VERAVAL,1
GUJARAT,362560,JUNAGADH,S T BUS STAND,1
GUJARAT,363001,SURENDRANAGAR,HEAD POST OFFICE,1
GUJARAT,363001,SURENDRANAGAR,PATADIA BUILDING,1
GUJARAT,364001,BHAVNAGAR,BOMBAY WALO KHANCHO,1
GUJARAT,364001,BHAVNAGAR,GHANTIVALO CH,1
GUJARAT,364001,BHAVNAGAR,KHARGATE,1
GUJARAT,364001,BHAVNAGAR,SWAMI SHREEJI,1
GUJARAT,364290,BHAVNAGAR,MAHUVA,1
GUJARAT,365601,AMRELI,,1
GUJARAT,365601,AMRELI,KAPOL MAHAJAN WADI,1
GUJARAT,370001,,,2
GUJARAT,370110,,,1
GUJARAT,370110,KACHCHH,ANJAR,1
GUJARAT,370201,,,1
GUJARAT,380001,AHMEDABAD,,3
GUJARAT,380001,AHMEDABAD,AHMRDABAD 380001,1
GUJARAT,380001,AHMEDABAD,DAHI NI KHADKI,1
GUJARAT,380001,AHMEDABAD,G P O,3
GUJARAT,380001,AHMEDABAD,KAKUBHAI BUILDINGMAHURAT POLE,1
GUJARAT,380001,AHMEDABAD,KALUPUR,1
GUJARAT,380001,AHMEDABAD,M G HAVELI,1
GUJARAT,380001,AHMEDABAD,MANEKCHOWK,3
GUJARAT,380001,AHMEDABAD,NEAR GUSHA PAREKH S POLE,1
GUJARAT,380001,AHMEDABAD,SAANKDI SERI NAKA,1
GUJARAT,380001,AHMEDABAD,SHETH NI POLERATANPOLE,1
GUJARAT,380006,AHMEDABAD,ELLIS BRIDGE,1
GUJARAT,380006,AHMEDABAD,ELLISBRIDGE,4
GUJARAT,380006,AHMEDABAD,G P O,2
GUJARAT,380006,AHMEDABAD,NAVRANGPURA,1
GUJARAT,380006,AHMEDABAD,NEAR LAL BUNGALOW,1
GUJARAT,380006,AHMEDABAD,PALDI,1
GUJARAT,380007,AHMEDABAD,HR ELANZA NEAR MAHA LAXMI CROSS ROADPALDI,1
GUJARAT,380009,AHMEDABAD,G P O,2
GUJARAT,380009,AHMEDABAD,GIRISH GOLD DRINK,1
GUJARAT,380009,AHMEDABAD,NAVAPURA,1
GUJARAT,380009,AHMEDABAD,NAVRANGPUR,1
GUJARAT,380009,AHMEDABAD,NAVRANGPURA,2
GUJARAT,380009,AHMEDABAD,NAVRANPURA,1
GUJARAT,380023,AHMEDABAD,RAKHIAL,1
GUJARAT,383001,SABARKANTHA,HIMATNAGAR,1
GUJARAT,384001,MEHSANA,PILA JI,1
GUJARAT,384002,MEHSANA,MODHERA CHOKDI,1
GUJARAT,384265,PATAN,P V COMPLEX,1
GUJARAT,384315,MEHSANA,VISNAGAR,1
GUJARAT,384530,MEHSANA,NR LL JEWELLERS,1
GUJARAT,385001,BANASKANTHA,PALANPUR,3
GUJARAT,385535,BANASKANTHA,MATA SHERI,1
GUJARAT,385535,BANASKANTHA,TA DEESA,1
GUJARAT,385565,BANASKANTHA,THARAD,1
GUJARAT,387001,KHEDA,GROUND FLOOR & FIRST FLOOR,1
GUJARAT,387001,KHEDA,NADIAD,1
GUJARAT,388001,ANAND,ASHOK STAMBH,1
GUJARAT,388001,ANAND,NEAR PANCHAL HALL,1
GUJARAT,388450,ANAND,PETLAD,1
GUJARAT,389001,,,1
GUJARAT,390001,VADODARA,1ST FLOOR JAINDERASARSAAMEKAROLIA POLENEARJAINDERASAR RKBUILDING,1
GUJARAT,390001,VADODARA,KAROL,1
GUJARAT,390001,VADODARA,MANDVI,2
GUJARAT,390007,VADODARA,ALKAPURI,1
GUJARAT,391440,VADODARA,2 AFIN WALO KHACHO,1
GUJARAT,392001,BHARUCH,KANSARVAD,1
GUJARAT,393001,BHARUCH,ANKLESHWAR,1
GUJARAT,394101,SURAT,BHAKTIARCADE,1
GUJARAT,394510,SURAT,GHB GEM & JEWELLERY PARK,1
GUJARAT,394510,SURAT,HAZIRA,1
GUJARAT,394510,SURAT,ICCHAPORE,1
GUJARAT,394510,SURAT,ICHHAPORE,1
GUJARAT,394510,SURAT,SURAT 394510,1
GUJARAT,395003,SURAT,HARIPURA,1
GUJARAT,395003,SURAT,MAHIDHARPURA,3
GUJARAT,395003,SURAT,NAVAPURA,1
GUJARAT,395003,SURAT,NEAR PATIDARMAHIDHARPURA,1
GUJARAT,395003,SURAT,PATIDAR SAMAJ BHAVAN,1
GUJARAT,395003,SURAT,SUB LOCALITY NAVA PURA,1
GUJARAT,395004,SURAT,KATARGAM,3
GUJARAT,395004,SURAT,NE OPP KATARGAM COMMUNITY HALL,1
GUJARAT,395006,SURAT,KARANJ MATAWADI,1
GUJARAT,395006,SURAT,MATAWADI,1
GUJARAT,395006,SURAT,SHIV SHANKAR PARVATI CO OP HO SOC,1
GUJARAT,395006,SURAT,VARACHHA,1
GUJARAT,395007,SURAT,PARLE POINT,1
GUJARAT,395007,SURAT,PARLE POINT CIRCLE,1
GUJARAT,395007,SURAT,VESU,1
GUJARAT,395010,SURAT,1ST FLOOR,1
GUJARAT,396001,VALSAD,MATRU PARAG,1
GUJARAT,396002,VALSAD,SHAH VIRCHAND GOVANJI JEW,1
GUJARAT,396191,VALSAD,CIRCUIT HOUSE,1
GUJARAT,396445,NAVSARI,HAVELI MOHOLLO,1
GUJARAT,396445,NAVSARI,PATVA SHERI,1
HARYANA,121001,FARIDABAD,NIT,2
HARYANA,121002,FARIDABAD,OLD,1
HARYANA,121102,PALWAL,MOOLCHAND MEDICAL STOR,1
HARYANA,122001,FARIDABAD,NIT,1
HARYANA,122001,GURUGRAM,CHOTA GURUDWARA,1
HARYANA,123001,MAHENDRAGARH,NARNOUL,1
HARYANA,123401,REWARI,AGRAWAL MARKETREWAR,1
HARYANA,124001,ROHTAK,SAIYYAD WALI GALI,1
HARYANA,124001,ROHTAK,SAYAD WA,1
HARYANA,124103,JHAJJAR,HARI PURA MOHALLA,1
HARYANA,124507,JHAJJAR,BAHADURGARH,1
HARYANA,124507,REWARI,AGRAWAL MARKETREWAR,1
HARYANA,125001,FATEHABAD,HISSAR,1
HARYANA,125001,HISAR,HISSAR,2
HARYANA,125050,FATEHABAD,FIRST FLOOR,1
HARYANA,125050,FATEHABAD,RAJ FALAXTHAKKAR BASTI,1
HARYANA,125055,SIRSA,BHADRA,1
HARYANA,125055,SIRSA,GALI PHARIO WALI,1
HARYANA,126102,JIND,15 AS,1
HARYANA,127021,BHIWANI,VAIDAN GALI,1
HARYANA,127306,CHARKHI DADRI,,1
HARYANA,131001,,,2
HARYANA,131001,JIND,SONIPAT,1
HARYANA,132001,KARNAL,O 102 96,1
HARYANA,132103,KAITHAL,HALWAI HATTA,1
HARYANA,133001,AMBALA,CANTT,1
HARYANA,133302,PANCHKULA,HARYANA 133302,1
HARYANA,134003,AMBALA,4966A,1
HARYANA,134003,AMBALA,CANTT,1
HARYANA,134003,AMBALA,CITY HEAD POST OFFICE,1
HARYANA,134003,AMBALA,FIRST FLOOR,1
HARYANA,134003,AMBALA,SADAR,1
HARYANA,134003,YAMUNANAGAR,SUBHASH GALI,1
HARYANA,135001,YAMUNANAGAR,SUBHASH GALI,1
HARYANA,136027,KAITHAL,,2
HARYANA,136027,KAITHAL,SUB POST OFFICE,1
HIMACHAL PRADESH,175001,,,1
HIMACHAL PRADESH,176001,,,2
HIMACHAL PRADESH,177033,,,1
JHARKHAND,814112,,,1
JHARKHAND,822114,,,1
JHARKHAND,826001,,,5
JHARKHAND,827013,,,1
JHARKHAND,829122,,,1
JHARKHAND,831001,,,4
JHARKHAND,834001,,,2
JHARKHAND,834401,,,1
Jammu & Kashmir,180001,,,5
Jammu & Kashmir,180010,,,1
Jammu & Kashmir,182101,,,1
Jammu & Kashmir,184120,,,1
Jammu & Kashmir,184142,,,1
Jammu & Kashmir,190001,,,2
Jammu & Kashmir,190002,,,1
KARNATAKA,560002,,,29
KARNATAKA,560053,,,3
KARNATAKA,560058,,,1
KARNATAKA,560095,,,2
KARNATAKA,563101,KOLAR,DODDAPET,1
KARNATAKA,570001,,,6
KARNATAKA,571401,MANDYA,,1
KARNATAKA,572101,TUMAKURU,SLB COMPLEX,1
KARNATAKA,572201,,,1
KARNATAKA,573201,HASSAN,GROUND & FIRST FLOOR,1
KARNATAKA,573201,HASSAN,HEERA DIAMOND BUILDING,1
KARNATAKA,573201,HASSAN,SHOBHA MANSION,1
KARNATAKA,574201,DAKSHINA KANNADA,PUTTUR D,1
KARNATAKA,574227,DAKSHINA KANNADA,MARPADY VILLAGE,1
KARNATAKA,575001,DAKSHINA KANNADA,MANGALORE,2
KARNATAKA,576101,UDUPI,SHIVA KRIPA BUILDING,1
KARNATAKA,576101,UDUPI,TEN,1
KARNATAKA,576104,UDUPI,TALUK,1
KARNATAKA,576201,UDUPI,KUNDAPURA,1
KARNATAKA,577001,,,1
KARNATAKA,577001,DAVANGERE,DAVANAGERE,1
KARNATAKA,577201,,,1
KARNATAKA,577201,SHIVAMOGGA,SHIMOGA,1
KARNATAKA,577401,,,2
KARNATAKA,580001,DHARWAD,,1
KARNATAKA,580020,DHARWAD,C B T HUBBALLI,1
KARNATAKA,580020,DHARWAD,DURGAD BAIL,1
KARNATAKA,580020,DHARWAD,HUBLI,2
KARNATAKA,583101,BALLARI,BELLARY,1
KARNATAKA,584101,RAICHUR,11 13 22,1
KARNATAKA,584123,RAICHUR,MANVI,1
KARNATAKA,584128,RAICHUR,SINDHNUR,1
KARNATAKA,585101,,,3
KARNATAKA,586101,VIJAYAPURA,VIJAPURA,1
KARNATAKA,587102,BAGALKOT,VIDYAGIRI,1
KARNATAKA,590001,,,1
KARNATAKA,590003,,,3
KARNATAKA,591307,,,1
KERALA,670001,KANNUR,D,1
KERALA,670001,KANNUR,GLOBAL VILLAGE,1
KERALA,670001,KANNUR,KALYANI COM PLEX,1
KERALA,670001,KANNUR,ZAHARA COMPLEX,1
KERALA,670101,KANNUR,PILAKKANDY ARCADE,1
KERALA,671121,KASARAGOD,CITY MALL,1
KERALA,671121,KASARAGOD,NEW BUS STAND,1
KERALA,673001,KOZHIKODE,CALICUT,1
KERALA,673002,KOZHIKODE,APSARA THEATRE,1
KERALA,673002,KOZHIKODE,CALICUT,1
KERALA,673004,KOZHIKODE,CALICUT,2
KERALA,673004,KOZHIKODE,EAST KOTTAPARAMBU,1
KERALA,673004,KOZHIKODE,PUTHIYARA,1
KERALA,673101,KOZHIKODE,VADAKARA,1
KERALA,673121,WAYANAD,KALPETTA,1
KERALA,673525,KOZHIKODE,PERAMBRA,1
KERALA,673572,KOZHIKODE,KODUVALLY,2
KERALA,673573,KOZHIKODE,THAMARASSERY,1
KERALA,673633,KOZHIKODE,RAMANATUKARA,1
KERALA,673635,MALAPPURAM,KAKKANCHERY,1
KERALA,676101,MALAPPURAM,TIRUR,1
KERALA,676104,MALAPPURAM,ANUPAMA BUILDING,1
KERALA,676121,MALAPPURAM,1648 A,1
KERALA,676304,MALAPPURAM,VENGARA MLP,1
KERALA,676503,MALAPPURAM,GOLD TOWERKOTTAKKAL,1
KERALA,676503,MALAPPURAM,KOTTAKKAL,1
KERALA,676519,MALAPPURAM,DOWN HILL,1
KERALA,676519,MALAPPURAM,KOTTAPADI,1
KERALA,678014,PALAKKAD,1ST FLOORNEAR MALAYALA MANORAMA OFFICE,1
KERALA,678014,PALAKKAD,SECOND FLOOR,1
KERALA,679322,MALAPPURAM,PERINTHALMANNA,1
KERALA,679329,MALAPPURAM,NILAMBUR,1
KERALA,680001,THRISSUR,,2
KERALA,680001,THRISSUR,13G FIRST FLOOR,1
KERALA,680001,THRISSUR,2 1,1
KERALA,680001,THRISSUR,2ND FLOOR,1
KERALA,680001,THRISSUR,BASILICA PLATINUM JUBILEE BUILDING,1
KERALA,680001,THRISSUR,BROTHERS LANE,1
KERALA,680001,THRISSUR,CHURCH CIRCLE,1
KERALA,680001,THRISSUR,DRD BUILDING,1
KERALA,680001,THRISSUR,EASTERN BAZAAR,1
KERALA,680001,THRISSUR,ERINJERI ANGADI,1
KERALA,680001,THRISSUR,OPPOSITE CHALDEAN CENTRE,1
KERALA,680001,THRISSUR,OPPOSITECHALDEAN CENTRE,1
KERALA,680001,THRISSUR,P L PAUL MEMORIAL BUILDING,1
KERALA,680001,THRISSUR,PALLIKULAM,1
KERALA,680001,THRISSUR,PUTHENPALLI,1
KERALA,680001,THRISSUR,THARAKANS LANEERINJERI ANGADI,1
KERALA,680001,THRISSUR,TRICHUR,1
KERALA,680004,THRISSUR,PO POOTHOLE,1
KERALA,680005,THRISSUR,EAST FORT,1
KERALA,680005,THRISSUR,EAST FORT JUNCTION,1
KERALA,680005,THRISSUR,SECOND FLOOR,1
KERALA,680021,THRISSUR,KOKKALAI,2
KERALA,680307,THRISSUR,CHALAKUDY,1
KERALA,680503,THRISSUR,KUNNAMKULAM,2
KERALA,680664,THRISSUR,CI OFFICE,1
KERALA,682011,ERNAKULAM,4892AKACHAPILLY SQUARE,1
KERALA,682016,ERNAKULAM,SOUTH,1
KERALA,682035,ERNAKULAM,PUBLIC LIBRARY,1
KERALA,682301,ERNAKULAM,TRIPUNITHURA,1
KERALA,683110,ERNAKULAM,MUPPATHADAM PO,1
KERALA,683503,ERNAKULAM,KINFRA HITECH PARK,1
KERALA,683513,ERNAKULAM,PERUMPADANNANORTH PARAVUR,1
KERALA,683542,ERNAKULAM,PERUMBAVOOR,2
KERALA,683572,ERNAKULAM,TB JUNCTION ANGAMALY,1
KERALA,685561,ERNAKULAM,ADIMALI,1
KERALA,685584,ERNAKULAM,VIMALAGIRI SCHOOL,1
KERALA,686001,KOTTAYAM,B4,1
KERALA,686001,KOTTAYAM,KSRTC BUS STAND,2
KERALA,686001,KOTTAYAM,SRI BALAJI PLAZATHIRUNAKKARA,1
KERALA,686101,KOTTAYAM,CHANGANACHERRY,1
KERALA,686575,KOTTAYAM,PALA,1
KERALA,686661,ERNAKULAM,KACHERITHZHAMMUVATTUPUZHA,1
KERALA,686691,ERNAKULAM,VIMALAGIRI SCHOOL,1
KERALA,688011,ALAPPUZHA,MULLACKAL,1
KERALA,689101,PATHANAMTHITTA,THIRUVALLA,1
KERALA,690106,ALAPPUZHA,MAVELIKKARA,1
KERALA,690518,KOLLAM,PADANAYARKULANGARA SOUTH,1
KERALA,690518,KOLLAM,VANDANA AUDITORIUMKARUNAGAPALLY,1
KERALA,691001,KOLLAM,OPP HANUMAN KOVIL,1
KERALA,691001,KOLLAM,RP MALL,1
KERALA,691523,PATHANAMTHITTA,MUTHOOT TOWERADOOR,1
KERALA,695023,THIRUVANANTHAPURAM,TRIVANDRUM,2
KERALA,695035,THIRUVANANTHAPURAM,KUNNUMPURAM,1
KERALA,695036,THIRUVANANTHAPURAM,THIRUVANANTHAPU,1
KERALA,695101,THIRUVANANTHAPURAM,EDAKKODE,1
MADHYA PRADESH,450001,KHANDWA,KHADAKPURA,1
MADHYA PRADESH,452001,INDORE,DHAN GALI,1
MADHYA PRADESH,452001,INDORE,DIAMOND,1
MADHYA PRADESH,452001,INDORE,MORSALI GALI,1
MADHYA PRADESH,452002,INDORE,,1
MADHYA PRADESH,452002,INDORE,102 BLOCK A,1
MADHYA PRADESH,452002,INDORE,CITY 2,1
MADHYA PRADESH,452002,INDORE,SHREE BALAJI CO,1
MADHYA PRADESH,452002,INDORE,SHRI BALAJI CO,1
MADHYA PRADESH,455001,DEWAS,,1
MADHYA PRADESH,456010,UJJAIN,LAKHERWADI,1
MADHYA PRADESH,457001,RATLAM,,1
MADHYA PRADESH,457001,RATLAM,M P,1
MADHYA PRADESH,457001,RATLAM,MOONAT CO,1
MADHYA PRADESH,457001,RATLAM,RATNAL,1
MADHYA PRADESH,457001,RATLAM,TAL WALO KI GALI,1
MADHYA PRADESH,458441,NEEMUCH,POONAMCHAND DEEPCHAND GALI,1
MADHYA PRADESH,462001,BHOPAL,1ST FLOOR NEAR SHREEJI MANDIRREE JI M,1
MADHYA PRADESH,462001,BHOPAL,BERASIA,1
MADHYA PRADESH,462001,BHOPAL,G P O,1
MADHYA PRADESH,462001,BHOPAL,LAKHERAPURA,1
MADHYA PRADESH,462001,BHOPAL,LALWANI GALI,1
MADHYA PRADESH,462003,BHOPAL,G P O,2
MADHYA PRADESH,464001,VIDISHA,BANSKULI,1
MADHYA PRADESH,470002,SAGAR,GOUGHAT PARKOTA,1
MADHYA PRADESH,471001,CHHATARPUR,GOVARDHANTAKEEJ KE PASS,1
MADHYA PRADESH,471001,CHHATARPUR,RAMGALI BAJARIYA,1
MADHYA PRADESH,474001,GWALIOR,ABOVE PAWAN JEWELLERS,1
MADHYA PRADESH,474001,GWALIOR,KOTAHRI CO,1
MADHYA PRADESH,474001,GWALIOR,LASHKAR,1
MADHYA PRADESH,474001,GWALIOR,SARRAFA BAZARLASHKAR,1
MADHYA PRADESH,474002,GWALIOR,,1
MADHYA PRADESH,476001,MORENA,26 PANCHAYATI,1
MADHYA PRADESH,476001,MORENA,AMSHALA,1
MADHYA PRADESH,477001,BHIND,RAJ TAKIJ KE PASS,1
MADHYA PRADESH,480001,CHHINDWARA,480 001,1
MADHYA PRADESH,481001,BALAGHAT,GUJARI CHOUK,1
MADHYA PRADESH,481001,BALAGHAT,HEADPOST OFFICE,1
MADHYA PRADESH,482001,JABALPUR,NUNHAI,1
MADHYA PRADESH,482001,JABALPUR,SUNARHAI,1
MADHYA PRADESH,483501,KATNI,SHREE LAXMI NARAYAN,1
MADHYA PRADESH,485001,SATNA,,2
MADHYA PRADESH,485001,SATNA,SIDDHI VINAYAK PARISAR,1
MADHYA PRADESH,486001,REWA,TESIL HUZUR,1
MAHARASHTRA,400002,MUMBAI,2ND FLOOR,1
MAHARASHTRA,400002,MUMBAI,BHULESHWAR KALBADEVI,1
MAHARASHTRA,400002,MUMBAI,KALBADE,1
MAHARASHTRA,400002,MUMBAI,KALBADEVI,12
MAHARASHTRA,400002,MUMBAI,KALBADEVIBHULESHWAR,1
MAHARASHTRA,400002,MUMBAI,KHARA KURA,1
MAHARASHTRA,400002,MUMBAI,MUMBA,1
MAHARASHTRA,400002,MUMBAI,MUMBI,1
MAHARASHTRA,400002,MUMBAI,NAMRATA JEWELLERS,1
MAHARASHTRA,400002,MUMBAI,RAJ SADANRUIA BUILDING KALABADEVI,1
MAHARASHTRA,400002,MUMBAI,SEWREE WEST,1
MAHARASHTRA,400002,MUMBAI,SEWRI,1
MAHARASHTRA,400002,MUMBAI,SK MENON ST,1
MAHARASHTRA,400002,MUMBAI,VITHALWADIKALBADEVI,1
MAHARASHTRA,400002,MUMBAI SUBURBAN,KALBADEVI,1
MAHARASHTRA,400003,MUMBAI,KALBADEVI,1
MAHARASHTRA,400003,MUMBAI,MANDVI,4
MAHARASHTRA,400003,MUMBAI,MUMBADEVI TEMPAL,1
MAHARASHTRA,400003,MUMBAI,SEWREE WEST,1
MAHARASHTRA,400003,MUMBAI,SEWRI,1
MAHARASHTRA,400003,MUMBAI SUBURBAN,NAND,1
MAHARASHTRA,400003,THANE,4THFLOORPAYDHUNIECITY,1
MAHARASHTRA,400003,THANE,DOMBVLI,1
MAHARASHTRA,400004,MUMBAI,GIRGAON,1
MAHARASHTRA,400004,MUMBAI,OPERA HOUSE,1
MAHARASHTRA,400010,MUMBAI,MAZGAON,1
MAHARASHTRA,400012,MUMBAI,NAVI,1
MAHARASHTRA,400012,MUMBAI,PAREL,1
MAHARASHTRA,400013,MUMBAI,KALBADEVI,1
MAHARASHTRA,400013,MUMBAI,LOWER PARE,1
MAHARASHTRA,400013,MUMBAI,LOWER PAREL,3
MAHARASHTRA,400015,MUMBAI,SEWARI,1
MAHARASHTRA,400015,MUMBAI,SEWREE,1
MAHARASHTRA,400015,MUMBAI,SEWREE W,1
MAHARASHTRA,400015,MUMBAI,SEWREE WEST,4
MAHARASHTRA,400015,MUMBAI,SEWREEE WEST,1
MAHARASHTRA,400015,MUMBAI,SEWRI,1
MAHARASHTRA,400015,MUMBAI,SEWRI WEST,1
MAHARASHTRA,400028,MUMBAI,MUMBI,1
MAHARASHTRA,400050,MUMBAI SUBURBAN,BANDRA WEST,1
MAHARASHTRA,400054,MUMBAI,SANTACRUZ,1
MAHARASHTRA,400054,MUMBAI SUBURBAN,,1
MAHARASHTRA,400064,MUMBAI SUBURBAN,MALAD WEST,1
MAHARASHTRA,400066,MUMBAI,BORIVLI EAST,1
MAHARASHTRA,400066,MUMBAI SUBURBAN,BORIVALI,1
MAHARASHTRA,400067,MUMBAI SUBURBAN,KANDIVALI,1
MAHARASHTRA,400068,MUMBAI,ANDHERI EAST,1
MAHARASHTRA,400068,THANE,DAHISAR EAST,1
MAHARASHTRA,400069,MUMBAI SUBURBAN,SUBUR,1
MAHARASHTRA,400070,MUMBAI SUBURBAN,,1
MAHARASHTRA,400070,MUMBAI SUBURBAN,KURLA WEST,1
MAHARASHTRA,400071,MUMBAI,ANDHERI EAST,1
MAHARASHTRA,400071,MUMBAI,MANDVI,1
MAHARASHTRA,400077,MUMBAI,RAJAWADI GHATKOPAR EAST,1
MAHARASHTRA,400080,MUMBAI SUBURBAN,,1
MAHARASHTRA,400080,MUMBAI SUBURBAN,MULUND,1
MAHARASHTRA,400092,MUMBAI,BORIVALI WEST,1
MAHARASHTRA,400092,MUMBAI,MANDPESHWAR INDUSTRIAL ESTATEGYMKHANA RD OPP M C F SOPRTS COMPLEX,1
MAHARASHTRA,400092,MUMBAI SUBURBAN,BORIVALI WEST,3
MAHARASHTRA,400093,MUMBAI,ANDHERI EAST,8
MAHARASHTRA,400093,MUMBAI,ANHERI EAST,1
MAHARASHTRA,400093,MUMBAI,CENTRAL MIDC ROADANDHERI EAST,1
MAHARASHTRA,400093,MUMBAI,MAHAKALI CAVES ROADANDHERI EAST,1
MAHARASHTRA,400093,MUMBAI,MIDC ANDHERI EAST,1
MAHARASHTRA,400093,MUMBAI SUBURBAN,12WICEL COMMERCIAL COMPLEX,1
MAHARASHTRA,400093,MUMBAI SUBURBAN,ANDHERI,2
MAHARASHTRA,400093,MUMBAI SUBURBAN,ANDHERI E,1
MAHARASHTRA,400093,MUMBAI SUBURBAN,ANDHERI EAST,2
MAHARASHTRA,400093,MUMBAI SUBURBAN,NAND,1
MAHARASHTRA,400096,MUMBAI SUBURBAN,F 1 BHARAT RATNAM MEGA CFC,1
MAHARASHTRA,400097,MUMBAI,MALAD EAST,1
MAHARASHTRA,400104,MUMBAI SUBURBAN,GOREGAON WEST,1
MAHARASHTRA,400601,THANE,STATION R,1
MAHARASHTRA,400612,THANE,,1
MAHARASHTRA,400703,THANE,NAVI,1
MAHARASHTRA,400705,THANE,NAVI,1
MAHARASHTRA,400709,THANE,KOPARKHAIRANE,1
MAHARASHTRA,400710,THANE,MIDC,1
MAHARASHTRA,400710,THANE,NAVI,1
MAHARASHTRA,400710,THANE,TTC INDUSTRIAL AREAKOPARKHAIRANE,1
MAHARASHTRA,401105,THANE,MIRA,1
MAHARASHTRA,401105,THANE,NAVGHAR ROADBHAYANDAR EAST,1
MAHARASHTRA,401202,PALGHAR,VASAI W,1
MAHARASHTRA,401202,PALGHAR,VASAI WEST,1
MAHARASHTRA,401209,PALGHAR,NALLASOPARA EAST,1
MAHARASHTRA,401209,PALGHAR,TULINJ,1
MAHARASHTRA,401303,PALGHAR,VIRAR,1
MAHARASHTRA,401305,PALGHAR,VASAI,1
MAHARASHTRA,410206,RAIGAD,PANVEL,1
MAHARASHTRA,410209,RAIGAD,K,1
MAHARASHTRA,411001,PUNE,CANTT EAST,1
MAHARASHTRA,411002,PUNE,2ND FLOOR,1
MAHARASHTRA,411002,PUNE,3RD FLOOR,2
MAHARASHTRA,411002,PUNE,AGARWAL DAIRY,1
MAHARASHTRA,411002,PUNE,B O NUMBER 3,1
MAHARASHTRA,411002,PUNE,BAGADE ROADRAVIWAR PETH,1
MAHARASHTRA,411002,PUNE,MAHONAHR BHAVN,1
MAHARASHTRA,411002,PUNE,PETH,1
MAHARASHTRA,411002,PUNE,RAVIVAR PETH,1
MAHARASHTRA,411002,PUNE,RAVIWAR PETH,7
MAHARASHTRA,411002,PUNE,TAMBOLI MASJIDRAVIWAR PETH,1
MAHARASHTRA,411011,PUNE,RAVIWAR PETH,1
MAHARASHTRA,411017,PUNE,PIMPRI,1
MAHARASHTRA,411030,PUNE,HAVELI,1
MAHARASHTRA,411030,PUNE,NARAYAN PETH,1
MAHARASHTRA,411033,PUNE,CHINCHWAD,1
MAHARASHTRA,411041,PUNE,DHAYARI,1
MAHARASHTRA,411042,PUNE,RAVIWAR PETH,1
MAHARASHTRA,413002,SOLAPUR,101 TO 105 KARANJE GOLD ENCLAVEEAST MANGALWAR PETH,1
MAHARASHTRA,413002,SOLAPUR,EAST MANGALWAR PETH,1
MAHARASHTRA,413002,SOLAPUR,PURV MANGALWAR PETH,1
MAHARASHTRA,413101,SOLAPUR,AKLUJ,1
MAHARASHTRA,413102,PUNE,BARAMATI 413102,1
MAHARASHTRA,413304,SOLAPUR,PANDHARPUR,1
MAHARASHTRA,413304,SOLAPUR,STATION ROADPANDHARPUR,1
MAHARASHTRA,413401,SOLAPUR,BARSHI,1
MAHARASHTRA,413512,LATUR,SARAF LINE,1
MAHARASHTRA,414001,AHMEDNAGAR,AHILYANAGAR 414001,1
MAHARASHTRA,414001,AHMEDNAGAR,SHENGA GALLI,1
MAHARASHTRA,415002,SATARA,SADASHIV PETH,1
MAHARASHTRA,415110,SATARA,123 RATAN BHAVANRAVIWAR PETH OPP JAIN MANDIR,1
MAHARASHTRA,415110,SATARA,KARAD,1
MAHARASHTRA,415311,SANGLI,VITA,1
MAHARASHTRA,415409,SANGLI,ISLAMPUR MCI,1
MAHARASHTRA,415409,SANGLI,URUN ISLAMPUR,1
MAHARASHTRA,415501,SATARA,KOREGAON,1
MAHARASHTRA,415605,RATNAGIRI,CHIPLUN,1
MAHARASHTRA,415612,RATNAGIRI,101KIBE SANKUL MARUTI LANE,1
MAHARASHTRA,416002,KOLHAPUR,GOLD MINE COMPLEX,1
MAHARASHTRA,416002,KOLHAPUR,KARVEER,1
MAHARASHTRA,416002,KOLHAPUR,MAHADEV GALLI,1
MAHARASHTRA,416002,KOLHAPUR,SHIVAJI PUTALA,1
MAHARASHTRA,416012,KOLHAPUR,GUJARI,1
MAHARASHTRA,416012,KOLHAPUR,KARVEER,1
MAHARASHTRA,416115,KOLHAPUR,553 DAMBAL GALLI D R P ROADICHALKARANJI,1
MAHARASHTRA,416115,KOLHAPUR,INFRONT OF YASWANT PROCESS,1
MAHARASHTRA,416115,KOLHAPUR,SATPUTE LANE,1
MAHARASHTRA,416203,KOLHAPUR,HUPARI,1
MAHARASHTRA,416410,SANGLI,GROUND FLOOR MIRAJ,1
MAHARASHTRA,416416,SANGLI,,1
MAHARASHTRA,416416,SANGLI,GANPATI PETH,1
MAHARASHTRA,416416,SANGLI,GUJAR BOL,1
MAHARASHTRA,416416,SANGLI,KUNTE WADA,1
MAHARASHTRA,416416,SANGLI,MIRAJ,1
MAHARASHTRA,416416,SANGLI,PETHABHAG,1
MAHARASHTRA,416416,SANGLI,PETHBHAG,1
MAHARASHTRA,416416,SANGLI,RAGHUPRATAPCOMPLEX,1
MAHARASHTRA,421002,THANE,ULHASNAGAR,1
MAHARASHTRA,421201,THANE,DOMBVLI,1
MAHARASHTRA,421201,THANE,KALYAN,1
MAHARASHTRA,421301,THANE,,1
MAHARASHTRA,421301,THANE,STATION ROADKALYAN WEST,1
MAHARASHTRA,421302,THANE,BHIWANDI,1
MAHARASHTRA,421503,THANE,BADLAPUR,1
MAHARASHTRA,421503,THANE,BADLAPUR E D,1
MAHARASHTRA,422001,NASHIK,,1
MAHARASHTRA,422001,NASHIK,KALIKA COMPLEX,1
MAHARASHTRA,422001,NASHIK,PANCHAVATI,1
MAHARASHTRA,422001,NASHIK,SHINGADA TALAO,1
MAHARASHTRA,422605,AHMEDNAGAR,SA,1
MAHARASHTRA,422605,AHMEDNAGAR,SANAGMNER,1
MAHARASHTRA,423203,NASHIK,GULSHANA,1
MAHARASHTRA,424001,DHULE,1745 LANE 2NEAR JAIN TEMPLE,1
MAHARASHTRA,424001,DHULE,1ST FLOOR,1
MAHARASHTRA,425001,JALGAON,1697A,1
MAHARASHTRA,425001,JALGAON,A2,1
MAHARASHTRA,425001,JALGAON,BALAJI PETH,1
MAHARASHTRA,425001,JALGAON,BHAVANI PETH,1
MAHARASHTRA,425001,JALGAON,MAIN BHA,1
MAHARASHTRA,431001,,,3
MAHARASHTRA,431122,BEED,,2
MAHARASHTRA,431601,,,1
MAHARASHTRA,431604,,,1
MAHARASHTRA,440002,NAGPUR,AMRIT TARA BUILDING,1
MAHARASHTRA,440002,NAGPUR,BHAJI MANDI ITWARI,1
MAHARASHTRA,440002,NAGPUR,ITWARI,3
MAHARASHTRA,440002,NAGPUR,OLD BHAJI MANDI,1
MAHARASHTRA,440008,NAGPUR,YAMUNA PRITI SADAN,1
MAHARASHTRA,441601,GONDIA,2ND FLOOR,1
MAHARASHTRA,441601,GONDIA,BEHIND RADHIKA ALANKAR,1
MAHARASHTRA,441904,BHANDARA,PATELPURA,1
MAHARASHTRA,442001,WARDHA,KAPADA LINE,1
MAHARASHTRA,442402,CHANDRAPUR,AKSAPUR,1
MAHARASHTRA,444001,AKOLA,NEAR MADHUR COURIER,1
MAHARASHTRA,444002,AKOLA,NAZUL SHEET 27D AKOLA,1
MAHARASHTRA,444601,AMRAVATI,MACCHISATH,1
MAHARASHTRA,444601,AMRAVATI,MACCHISATH NEAR MSEB,1
MAHARASHTRA,445001,YAVATMAL,,1
ODISHA,751001,KHORDHA,BHUBANESWAR,1
ODISHA,751001,KHORDHA,KHARVEL NAGARBHUBANESWAR 751001,1
ODISHA,751001,KHORDHA,UNIT 3,1
ODISHA,751009,CUTTACK,NAYASARAKNAYASARAK,1
ODISHA,752001,PURI,KUMBHARAPADA,1
ODISHA,752069,NAYAGARH,,1
ODISHA,753001,CUTTACK,BANIA SAHIMANGALABAG,1
ODISHA,753002,CUTTACK,2ND FLO,1
ODISHA,753002,CUTTACK,DAY & NIGHT MEDICINE STORE,1
ODISHA,753002,CUTTACK,G P O,3
ODISHA,753002,CUTTACK,NAYASARAKNAYASARAK,1
ODISHA,753009,CUTTACK,CHO JAUNLIAPATTY,1
ODISHA,753009,CUTTACK,ODISHA 753009,1
ODISHA,753014,CUTTACK,D 37 SEC 7CDA,1
ODISHA,755001,JAJPUR,PO PS,1
ODISHA,755019,JAJPUR,VYASANAGAR,1
ODISHA,756001,BALASORE,GOPALGOAN,1
ODISHA,756001,BALASORE,STATION SQUARE,1
ODISHA,756036,BALASORE,BALESWAR,1
ODISHA,756045,BALASORE,UTTARESWARS,1
ODISHA,756100,BHADRAK,1ST FLOOR SHANTI COMPLEX,1
ODISHA,756100,BHADRAK,NARIPUR,1
ODISHA,757001,MAYURBHANJ,BARIPADA,1
ODISHA,757001,MAYURBHANJ,BRAHMA MANDIR SAHI,1
ODISHA,759122,ANGUL,PLOT NO24,1
ODISHA,760001,GANJAM,KAMALABALA STREETNEAR VENKETSWARA TEMPLE,1
ODISHA,760002,GANJAM,BERHAMPUR,2
ODISHA,769001,SUNDARGARH,ANAND BHAVAN LANE,1
PUNJAB,140001,ROPAR,RUPNAGAR,1
PUNJAB,141008,LUDHIANA,B IV 291,1
PUNJAB,141008,LUDHIANA,B IV 305,1
PUNJAB,141008,LUDHIANA,B IV 651,1
PUNJAB,141008,LUDHIANA,RAMESHWAR CHAINS,1
PUNJAB,141401,LUDHIANA,KHANNA,1
PUNJAB,142001,MOGA,,1
PUNJAB,143001,AMRITSAR,,2
PUNJAB,143001,AMRITSAR,G P O,3
PUNJAB,143001,AMRITSAR,ROSE AVENUE,1
PUNJAB,143003,AMRITSAR,G P O,1
PUNJAB,143006,AMRITSAR,G P O,2
PUNJAB,143505,GURDASPUR,BATALA,1
PUNJAB,143505,GURDASPUR,SARAFAN BAZARBATALA,1
PUNJAB,144001,JALANDHAR,,2
PUNJAB,144001,JALANDHAR,JUA KHANA,1
PUNJAB,144002,JALANDHAR,,1
PUNJAB,144004,JALANDHAR,,1
PUNJAB,144601,KAPURTHALA,JASPALAN GALI,1
PUNJAB,145001,GURDASPUR,B 44,1
PUNJAB,145001,GURDASPUR,NEAR ASHAPURNI MANDIR,1
PUNJAB,146001,HOSHIARPUR,,1
PUNJAB,146001,HOSHIARPUR,B 4,1
PUNJAB,146001,HOSHIARPUR,PAHARI KATRA,1
PUNJAB,147001,PATIALA,,2
PUNJAB,147001,PATIALA,2 & 1389,1
PUNJAB,147001,PATIALA,B 36,1
PUNJAB,147001,PATIALA,DOOMAN WALI GALI,1
PUNJAB,148023,SANGRUR,UPSTAIRS SRI SAI DENTAL AND IMPLANT CENTRE,1
PUNJAB,148101,BARNALA,B 1,1
PUNJAB,148101,BARNALA,QILA MOHALLA,1
PUNJAB,151005,BATHINDA,FIRST FLOOR,1
PUNJAB,151505,MANSA,IST FLOOR,1
PUNJAB,152001,,,1
PUNJAB,152026,MUKTSAR,SRI,1
PUNJAB,152116,FAZILKA,ABOHAR,2
Pondichery,605001,,,3
Pondichery,609602,,,1
RAJASTHAN,301001,ALWAR,BUS STAND,1
RAJASTHAN,301001,ALWAR,OM KRIPA,1
RAJASTHAN,302001,JAIPUR,JAT KE KUE KA RASTA,1
RAJASTHAN,302002,JAIPUR,CHUORA RASTA,1
RAJASTHAN,302002,JAIPUR,GOPAL JI KA RASTA,1
RAJASTHAN,302003,JAIPUR,1189 JORAWAR BHAWAN,1
RAJASTHAN,302003,JAIPUR,CHAKSU KA CHOWKHALDIYON KA RASTA,1
RAJASTHAN,302003,JAIPUR,GOPAL JI KA RASTA,1
RAJASTHAN,302003,JAIPUR,JHOTWARA,3
RAJASTHAN,302003,JAIPUR,NAMKEEN,1
RAJASTHAN,302003,JAIPUR,ROYAL ENCLAVJADION KA RASTA,1
RAJASTHAN,302012,JAIPUR,JHOTWARA,4
RAJASTHAN,302012,JAIPUR,RANA PRATAP NAGA,1
RAJASTHAN,302020,JAIPUR,74 VIJAY PATHMANSAROVAR,1
RAJASTHAN,302021,JAIPUR,RAJASTH,1
RAJASTHAN,302022,JAIPUR,EPIPSITAPURA INDUSTRIALAREA,1
RAJASTHAN,302022,JAIPUR,J405,1
RAJASTHAN,302022,JAIPUR,RIICO INDUSTRIAL AREASITAPURA,1
RAJASTHAN,303108,JAIPUR,BARABAS RURAL,1
RAJASTHAN,303108,JAIPUR,JAN AUSHADI KENDRA,1
RAJASTHAN,303108,SIKAR,NEEM KA THANA,1
RAJASTHAN,303702,JAIPUR,CHOMU,2
RAJASTHAN,303702,JAIPUR,RURAL,1
RAJASTHAN,304005,AJMER,NAYA BAAZAR,2
RAJASTHAN,305001,AJMER,,1
RAJASTHAN,305001,AJMER,NAYA BAAZAR,1
RAJASTHAN,305901,AJMER,NAYA BAAZAR,1
RAJASTHAN,306104,PALI,SOJAT,1
RAJASTHAN,306302,PALI,JAITARANJAITARAN,1
RAJASTHAN,306401,PALI,KHATRIYO KA BAS,1
RAJASTHAN,306401,PALI,SURAJ POLE,1
RAJASTHAN,307027,SIROHI,SHEOGANJ,3
RAJASTHAN,311001,BHILWARA,1ST FLOOR,1
RAJASTHAN,311001,BHILWARA,GULMANDI,1
RAJASTHAN,313001,UDAIPUR,GHANTAGHAR,1
RAJASTHAN,313001,UDAIPUR,MADRI,1
RAJASTHAN,313001,UDAIPUR,MEWAR INDUSTRIAL AREAMADRI,1
RAJASTHAN,313001,UDAIPUR,MOTI CHOHATTA,1
RAJASTHAN,314001,DUNGARPUR,DUNGAPUR,1
RAJASTHAN,314025,DUNGARPUR,SAGWARA,1
RAJASTHAN,321001,BHARATPUR,LAXMAN MANDIR,1
RAJASTHAN,322001,SAWAI MADHOPUR,GANGAPUR,1
RAJASTHAN,322201,SAWAI MADHOPUR,GANGAPUR,2
RAJASTHAN,322230,KARAULI,HINDAUN,1
RAJASTHAN,323001,BUNDI,,1
RAJASTHAN,324006,KOTA,BRIJRAJPURA,3
RAJASTHAN,324006,KOTA,FIRST FLOOR,1
RAJASTHAN,331001,CHURU,DADU BHAWAN KEPAS,1
RAJASTHAN,331001,CHURU,PANCHMUKHI BALAJI MANDIR MOCHIWARA,1
RAJASTHAN,331022,CHURU,DADU BHAWAN KEPAS,1
RAJASTHAN,331023,CHURU,RIICO INDUSTRIAL AREARAJGARH,1
RAJASTHAN,331304,CHURU,DADU BHAWAN KEPAS,1
RAJASTHAN,331403,CHURU,SARDARSHAHAR,1
RAJASTHAN,331803,BIKANER,DUNGARGARH,1
RAJASTHAN,331803,BIKANER,SHRI DUNGARGARH,1
RAJASTHAN,332001,SIKAR,,1
RAJASTHAN,332001,SIKAR,CHIRANJI PANWARI KI GALI,1
RAJASTHAN,332001,SIKAR,NAYA SHAHAR,1
RAJASTHAN,332301,SIKAR,FATEHPUR,1
RAJASTHAN,332311,SIKAR,FATEHPUR,1
RAJASTHAN,332713,SIKAR,NEEM KA THANA,1
RAJASTHAN,332715,SIKAR,SHRIMADHOPUR,1
RAJASTHAN,333001,JHUNJHUNU,GURU KRIPA COMPLEX,1
RAJASTHAN,333001,JHUNJHUNU,NEPAFIRST FLOOR,1
RAJASTHAN,333001,JHUNJHUNU,SABJI MANDI,1
RAJASTHAN,333026,JHUNJHUNU,CHIRAWA,2
RAJASTHAN,333042,JHUNJHUNU,9BEHIND OF SHEKHSARIA KANYA SER SEC SCHOOL,1
RAJASTHAN,333042,JHUNJHUNU,SABJI MANDI,1
RAJASTHAN,334001,BIKANER,CITY KOTWALI,1
RAJASTHAN,334001,BIKANER,KUMAHARO KA MOHALLAOLD,1
RAJASTHAN,334001,BIKANER,OLD,1
RAJASTHAN,334001,BIKANER,RAMPURIYAROAD,1
RAJASTHAN,334001,BIKANER,RUKHMANI ENCLAVECITY KOTWALI,1
RAJASTHAN,334803,BIKANER,NOKHA,2
RAJASTHAN,335001,GANGANAGAR,,1
RAJASTHAN,335001,GANGANAGAR,59 FIRST FLOOR OLD DHAN MANDISRI,1
RAJASTHAN,335513,HANUMANGARH,TOWNHANUMANGARH,1
RAJASTHAN,335804,GANGANAGAR,RICCO INDUSTRIAL AREASURATGARH,1
RAJASTHAN,341001,NAGAUR,TALAWATO KI POL KE PASS,1
RAJASTHAN,341503,NAGAUR,DEGANA,1
RAJASTHAN,341503,NAGAUR,GOREDI CHANCHA,1
RAJASTHAN,341508,NAGAUR,KUCHAMANCITY,2
RAJASTHAN,341508,NAGAUR,WEST GATEKUCHAMAN,1
RAJASTHAN,341510,NAGAUR,MERTA,2
RAJASTHAN,342001,JODHPUR,BAI JI KA TALAB,1
RAJASTHAN,342001,JODHPUR,BAIJI KA TALAB,1
RAJASTHAN,342001,JODHPUR,KUMBHESHWAR MANDIR KE SAMNE,1
RAJASTHAN,342001,JODHPUR,MANGILAL 185 MANJI KA HATHANEAR DR DHARIWAL CLINIC PAOTA,1
RAJASTHAN,342001,JODHPUR,NEAR ARORA NAMKEEN,1
RAJASTHAN,342001,JODHPUR,UPPER CHANDANI COMPLEX,1
RAJASTHAN,342301,JODHPUR,PHALODI,2
RAJASTHAN,342303,JODHPUR,KUMHARO KA BAS,1
RAJASTHAN,343029,JALORE,BHINMAL,1
RAJASTHAN,343041,JALORE,HADECHBUS STAND SANCHORE,1
RAJASTHAN,343041,JALORE,MOHALLA RUGNATHPURA,1
RAJASTHAN,343041,JALORE,SANCHORE,1
RAJASTHAN,344001,BARMER,,1
RAJASTHAN,344001,BARMER,KALYANPURA,1
RAJASTHAN,344704,BARMER,DHORIMANA,1
TAMIL NADU,600003,CHENNAI,ADYAR,1
TAMIL NADU,600003,CHENNAI,PARK,1
TAMIL NADU,600003,CHENNAI,SOWCARPET,1
TAMIL NADU,600006,CHENNAI,THOUSAND LIGHTS ANNA SALAI,1
TAMIL NADU,600010,CHENNAI,2ND FLOOR RAJARATHINAM STREETKILPAUK,1
TAMIL NADU,600017,CHENNAI,G P O,1
TAMIL NADU,600017,CHENNAI,JEWEL CENTRE,1
TAMIL NADU,600017,CHENNAI,MAMBALAM,1
TAMIL NADU,600017,CHENNAI,N0 23,1
TAMIL NADU,600017,CHENNAI,THYGARAYANAGAR,16
TAMIL NADU,600017,CHENNAI,THYGARAYANAGAR NORTH ND,1
TAMIL NADU,600035,CHENNAI,G P O,1
TAMIL NADU,600044,,,1
TAMIL NADU,600079,CHENNAI,3RD FLOORSOWCARPET,1
TAMIL NADU,600079,CHENNAI,87NETAHJI SUBASH CHANDRA BOSE ROADSOWCARPET,1
TAMIL NADU,600079,CHENNAI,ABOVE BHARATHI GAS SOWCARPET,1
TAMIL NADU,600079,CHENNAI,ADYAR,1
TAMIL NADU,600079,CHENNAI,SOWC,1
TAMIL NADU,600079,CHENNAI,SOWCARPET,9
TAMIL NADU,600079,CHENNAI,THYGARAYANAGAR NORTH ND,1
TAMIL NADU,600079,CHENNAI,VEERAPAN STREETSOWCARPET,1
TAMIL NADU,603308,,,1
TAMIL NADU,605602,VILUPPURAM,VILLUPURAM,1
TAMIL NADU,606001,CUDDALORE,VRIDDHACHALAM,1
TAMIL NADU,606202,KALLAKURICHI,VILLUPURAM,1
TAMIL NADU,606601,,,3
TAMIL NADU,607002,CUDDALORE,,1
TAMIL NADU,607002,CUDDALORE,CHINNA VANIYAR STREETTHIRUPAPULIYUR,1
TAMIL NADU,607106,CUDDALORE,PERIYAR NAGARLN PURAM,1
TAMIL NADU,609001,MAYILADUTHURAI,B,1
TAMIL NADU,609001,NAGAPATTINAM,TALUKMAYILADUTHURAI,1
TAMIL NADU,610001,,,1
TAMIL NADU,612001,,,2
TAMIL NADU,613001,,,2
TAMIL NADU,614616,PUDUKKOTTAI,ARANTHANGI,1
TAMIL NADU,614713,,,1
TAMIL NADU,620002,TIRUCHIRAPPALLI,CHINNAKADAISTREET,1
TAMIL NADU,620002,TIRUCHIRAPPALLI,ROCKFORT,1
TAMIL NADU,620008,TIRUCHIRAPPALLI,1ST FLOOR C,1
TAMIL NADU,620008,TIRUCHIRAPPALLI,34 BIG CHETTY STREETBIG BAZAAR,1
TAMIL NADU,620008,TIRUCHIRAPPALLI,BIG BAZAAR,2
TAMIL NADU,620008,TIRUCHIRAPPALLI,PERIYA KADAI VEETHI,1
TAMIL NADU,622001,PUDUKKOTTAI,FIRST FLOOR,1
TAMIL NADU,623501,RAMANATHAPURAM,ANNAL GANDHI ADIGAL SAALAI,1
TAMIL NADU,623501,RAMANATHAPURAM,MPM COMPLEXSWAMI VIVEKANANDAR SALAI,1
TAMIL NADU,623501,RAMANATHAPURAM,R N SENTHILKUMAR NAGAI MALIGAL BUILDING,1
TAMIL NADU,624001,DINDIGUL,1ST & 2ND FLOOR,1
TAMIL NADU,624001,DINDIGUL,FORT,1
TAMIL NADU,625001,MADURAI,,3
TAMIL NADU,625001,MADURAI,122 C,1
TAMIL NADU,625001,MADURAI,20 21,1
TAMIL NADU,625001,MADURAI,35A,1
TAMIL NADU,625001,MADURAI,FIRST AND SECOND FLOOR,1
TAMIL NADU,625001,MADURAI,FIRST FLOOR,2
TAMIL NADU,625001,MADURAI,IST FLOOR,1
TAMIL NADU,625001,MADURAI,SOUTH AVANI MOOLA ST,1
TAMIL NADU,625001,MADURAI,TO CENTRAL BANK OF INDIA,1
TAMIL NADU,625531,,,1
TAMIL NADU,627006,TIRUNELVELI,,1
TAMIL NADU,627006,TIRUNELVELI,GROUND FLOOR,1
TAMIL NADU,627006,TIRUNELVELI,SPP BUILDING,1
TAMIL NADU,627657,TIRUNELVELI,THISAIYANVILAI,1
TAMIL NADU,627751,,,1
TAMIL NADU,627756,,,1
TAMIL NADU,627811,TIRUNELVELI,KEELA AVANI MOOLA VEETHI,1
TAMIL NADU,627811,TIRUNELVELI,TENKASI,1
TAMIL NADU,628002,,,1
TAMIL NADU,628002,TUTICORIN,THOOTHUKUDI,1
TAMIL NADU,628203,TIRUNELVELI,THISAIYANVILAI,1
TAMIL NADU,628501,,,1
TAMIL NADU,628801,TIRUNELVELI,ST 3,1
TAMIL NADU,629001,,,3
TAMIL NADU,629001,KANNIYAKUMARI,NAGERCOIL,1
TAMIL NADU,629157,,,1
TAMIL NADU,629165,,,2
TAMIL NADU,630001,SIVAGANGA,KARAIKUDI,1
TAMIL NADU,632001,VELLORE,TO MUMMY HOSPITAL,1
TAMIL NADU,632004,VELLORE,ARNI,1
TAMIL NADU,632301,,,1
TAMIL NADU,632602,VELLORE,THALAYATHAM BAZZAR,1
TAMIL NADU,635001,KRISHNAGIRI,,2
TAMIL NADU,635126,KRISHNAGIRI,HOSUR,1
TAMIL NADU,635126,KRISHNAGIRI,HOSUR INDL COMPLEX,1
TAMIL NADU,635126,KRISHNAGIRI,MOOKANDAPALLI,1
TAMIL NADU,635601,TIRUPATHUR,,1
TAMIL NADU,635601,VELLORE,TIRUPATTUR,1
TAMIL NADU,636001,SALEM,,2
TAMIL NADU,636001,SALEM,2ND AGRAHARAM,1
TAMIL NADU,636001,SALEM,35 A,1
TAMIL NADU,636001,SALEM,FIRST FLOOR,1
TAMIL NADU,636002,SALEM,SHEVAPET,1
TAMIL NADU,636004,SALEM,NEW BUS STAND,1
TAMIL NADU,636007,SALEM,4 A,1
TAMIL NADU,636009,SALEM,321 5,1
TAMIL NADU,636701,DHARMAPURI,,1
TAMIL NADU,637001,NAMAKKAL,79B2,1
TAMIL NADU,637001,NAMAKKAL,FIRST FLOOR,1
TAMIL NADU,638001,ERODE,,2
TAMIL NADU,638452,ERODE,GOBICHETTIPALAYAM,1
TAMIL NADU,639001,KARUR,JAWAHAR BAZZAR,1
TAMIL NADU,639001,KARUR,SUN&COW BRAND AGMARK GHEE,1
TAMIL NADU,641001,COIMBATORE,,11
TAMIL NADU,641001,COIMBATORE,1 3,1
TAMIL NADU,641001,COIMBATORE,1ST F,1
TAMIL NADU,641001,COIMBATORE,1ST FLOOR,2
TAMIL NADU,641001,COIMBATORE,270 271,1
TAMIL NADU,641001,COIMBATORE,302 A,1
TAMIL NADU,641001,COIMBATORE,70 A,1
TAMIL NADU,641001,COIMBATORE,AVR BUILDING,1
TAMIL NADU,641001,COIMBATORE,CENTRAL,2
TAMIL NADU,641001,COIMBATORE,COIMBATORE SOUTH,1
TAMIL NADU,641001,COIMBATORE,FIRST FLOOR,2
TAMIL NADU,641001,COIMBATORE,GANDHI PARK,1
TAMIL NADU,641001,COIMBATORE,GROUND FLOOR,1
TAMIL NADU,641001,COIMBATORE,HARIMEKALA COMPLEX,1
TAMIL NADU,641001,COIMBATORE,INDIAN BANK,1
TAMIL NADU,641001,COIMBATORE,KANNIKA COMPLEX,1
TAMIL NADU,641001,COIMBATORE,KARUPPA GOUNDER STREETABOVE VASANTHA PHARMACY,1
TAMIL NADU,641001,COIMBATORE,KUMARAN COMPLEX,1
TAMIL NADU,641001,COIMBATORE,RAJA STREETOPPOSITE SANGARA MADAM,1
TAMIL NADU,641001,COIMBATORE,SECOND FLOOR,1
TAMIL NADU,641001,COIMBATORE,SUBBAYA STREETCLOIMBATORE,1
TAMIL NADU,641002,COIMBATORE,RATHINASABAPATHY PURAM,1
TAMIL NADU,641008,COIMBATORE,KARUMATHAMPATTI,1
TAMIL NADU,641012,COIMBATORE,GANDHIPURAM,1
TAMIL NADU,641031,COIMBATORE,CBE 31,1
TAMIL NADU,641604,,,1
TAMIL NADU,642002,COIMBATORE,POLACHI,1
TELANGANA,500001,HYDERABAD,ABIDS,3
TELANGANA,500001,HYDERABAD,SECUNDERABAD,1
TELANGANA,500002,HYDERABAD,CHARKAMAN,1
TELANGANA,500002,HYDERABAD,CHARMINAR,1
TELANGANA,500002,HYDERABAD,FATEH ULLAH BAIGH LANE,1
TELANGANA,500002,HYDERABAD,HIGH,1
TELANGANA,500002,HYDERABAD,PANJESHA,1
TELANGANA,500003,HYDERABAD,1 5 259 TO 262 KALASIGUDA MAIN ROADSECUNDERABAD,1
TELANGANA,500003,HYDERABAD,B GENERAL BAZARSECUNDERABAD,1
TELANGANA,500003,HYDERABAD,HYDERBASTI,1
TELANGANA,500003,HYDERABAD,MAHANKALI STREETKALASIGUDA,1
TELANGANA,500003,HYDERABAD,OLD JAIL KHANA,1
TELANGANA,500003,HYDERABAD,OLD JAIL STREE,1
TELANGANA,500003,HYDERABAD,RANGREZ BAZAROPP MAHANKALI TEMPLE,1
TELANGANA,500003,HYDERABAD,SECUNDERABAD,5
TELANGANA,500003,HYDERABAD,SECUNDERBAD,1
TELANGANA,500015,HYDERABAD,SECUNDERABAD,1
TELANGANA,500016,HYDERABAD,7 1 573 & 574 NEAR KANAK DURGA TEMPLEAMEERPET,1
TELANGANA,500016,HYDERABAD,AMEERPET,1
TELANGANA,500053,HYDERABAD,BEGUMBAZAR,1
TELANGANA,500060,HYDERABAD,KUKATPALLY,1
TELANGANA,500072,HYDERABAD,KUKATPALLY,1
TELANGANA,500082,HYDERABAD,BEGUMPET,1
TELANGANA,500082,HYDERABAD,PUNJABGUTTA,1
TELANGANA,500082,HYDERABAD,PUNJAGUTTA,2
TELANGANA,500082,HYDERABAD,SOMAJIGUDA,1
TELANGANA,501359,RANGAREDDY,MAISARAM,1
TELANGANA,503001,NIZAMABAD,MARWADI GALLI,1
TELANGANA,505209,PEDDAPALLI,RAMAGUNDAM,1
TELANGANA,505325,NIZAMABAD,ARMOOR,1
TELANGANA,506002,,,4
TELANGANA,507003,KHAMMAM,FIRST FLOOR,1
TELANGANA,507003,KHAMMAM,GANDHICHOWK,1
TELANGANA,507101,BHADRADRI KOTHAGUDEM,KOTHAGUDEM,1
TELANGANA,507115,BHADRADRI KOTHAGUDEM,DIST TELANGANA,1
TELANGANA,508207,,,2
TRIPURA,799001,,,3
UTTAR PRADESH,201001,GHAZIABAD,,1
UTTAR PRADESH,201001,GHAZIABAD,165 FIRST FLOOR PAKKI MORI DASNA GATENEAR CHOPLA HANUMAN MANDIR,1
UTTAR PRADESH,201001,GHAZIABAD,CHA,1
UTTAR PRADESH,201001,GHAZIABAD,DELHI,1
UTTAR PRADESH,201001,GHAZIABAD,GROUND FLOOR,1
UTTAR PRADESH,201001,GHAZIABAD,RICHPALPURI CHANDARPURI,1
UTTAR PRADESH,201102,GHAZIABAD,PRASHNAT VIHAR,1
UTTAR PRADESH,201301,,,2
UTTAR PRADESH,203001,BULANDSHAHR,AMBER HALL,1
UTTAR PRADESH,205001,MAINPURI,,1
UTTAR PRADESH,206001,ETAWAH,REMESWAR MARKETHOME GANG,1
UTTAR PRADESH,208001,KANPUR NAGAR,61 BASEMENT SR JEWELS NAYAGANJ,1
UTTAR PRADESH,208001,KANPUR NAGAR,BIRHANA RAOD,1
UTTAR PRADESH,208001,KANPUR NAGAR,KANPUR,7
UTTAR PRADESH,208001,KANPUR NAGAR,KANPURKANPUR,1
UTTAR PRADESH,208001,KANPUR NAGAR,NARIAL BAZARKANPUR,1
UTTAR PRADESH,209625,FARRUKHABAD,HUKUMCHAND,1
UTTAR PRADESH,210001,BANDA,U P,1
UTTAR PRADESH,211003,ALLAHABAD,MEERGANJ,1
UTTAR PRADESH,211003,ALLAHABAD,UNCHA MANDIPRAY,1
UTTAR PRADESH,221001,VARANASI,20LAKHI CHAUTRA,1
UTTAR PRADESH,221001,VARANASI,52 SUDIYACHOWK,1
UTTAR PRADESH,221001,VARANASI,AASBHAIRAVCHAUK,1
UTTAR PRADESH,221001,VARANASI,ANNAPURNA BHAWAN,1
UTTAR PRADESH,221001,VARANASI,BINDESHWARI PALACESUDIYA,1
UTTAR PRADESH,221001,VARANASI,CANTT,1
UTTAR PRADESH,221001,VARANASI,GAWAL DAS SAHU LANECHOWK,1
UTTAR PRADESH,221001,VARANASI,KARNAGHANTA,1
UTTAR PRADESH,221001,VARANASI,RESHAM KATRA,1
UTTAR PRADESH,221001,VARANASI,RESHAMKATRA,1
UTTAR PRADESH,221001,VARANASI,RESHMA KATRACHOWK,1
UTTAR PRADESH,221001,VARANASI,SUDIYA,1
UTTAR PRADESH,221301,,,1
UTTAR PRADESH,222001,JAUNPUR,SADAR,1
UTTAR PRADESH,224001,FAIZABAD,224 001,1
UTTAR PRADESH,224001,FAIZABAD,AYODHYA RS,1
UTTAR PRADESH,226003,LUCKNOW,,1
UTTAR PRADESH,226003,LUCKNOW,14 KA GHADIYALICHOWK,1
UTTAR PRADESH,226003,LUCKNOW,24 GARYALI GALICHOWK,1
UTTAR PRADESH,226003,LUCKNOW,2ND FLOORCHOWK SARRAFA,1
UTTAR PRADESH,226003,LUCKNOW,3RD FLOOR,1
UTTAR PRADESH,226003,LUCKNOW,3RD FLOOR 332,1
UTTAR PRADESH,226003,LUCKNOW,4TH FLOOR,1
UTTAR PRADESH,226003,LUCKNOW,ADARSH,1
UTTAR PRADESH,226005,LUCKNOW,ALAMBAGH,1
UTTAR PRADESH,226006,LUCKNOW,MAHANAGAR,1
UTTAR PRADESH,226018,LUCKNOW,2 JUTE WALI GALIPOST & PS AMINABAD,1
UTTAR PRADESH,226018,LUCKNOW,AMINABAD PARK,1
UTTAR PRADESH,229001,,,1
UTTAR PRADESH,230001,PRATAPGARH,SADAR,1
UTTAR PRADESH,231001,MIRZAPUR,GANESHGANJ,1
UTTAR PRADESH,233001,GHAZIPUR,MARKEENGANJ,1
UTTAR PRADESH,237005,GORAKHPUR,SESHPUR,1
UTTAR PRADESH,242001,SHAHJAHANPUR,1ST FLOOR MATAN TOLASADAR,1
UTTAR PRADESH,242001,SHAHJAHANPUR,CHAWK,1
UTTAR PRADESH,242001,SHAHJAHANPUR,MOHALLA CHOWKSI,1
UTTAR PRADESH,243001,BAREILLY,ALAMGIRIGANJ,2
UTTAR PRADESH,243001,BAREILLY,CIVIL LINE,1
UTTAR PRADESH,243001,BAREILLY,GARAIYA QILA,1
UTTAR PRADESH,243001,BAREILLY,MAROOF BANSMANDI,1
UTTAR PRADESH,243003,BAREILLY,ALAMGIRI GANJ,1
UTTAR PRADESH,243003,BAREILLY,GARAIYA,1
UTTAR PRADESH,243005,BAREILLY,ALAMGIRIGANJ,1
UTTAR PRADESH,244001,MORADABAD,,2
UTTAR PRADESH,244001,MORADABAD,MANDI BANS,1
UTTAR PRADESH,244901,RAMPUR,,1
UTTAR PRADESH,244901,RAMPUR,KUCHA PARMESHWARI DAS,1
UTTAR PRADESH,246761,BIJNOR,DHAMPUR,1
UTTAR PRADESH,247001,SAHARANPUR,MOHALLA BISATIYANNEAR HEERAGANJ,1
UTTAR PRADESH,247001,SAHARANPUR,SARAF,1
UTTAR PRADESH,247001,SAHARANPUR,SECOND FLOOR,1
UTTAR PRADESH,250001,MEERUT,CANTT,1
UTTAR PRADESH,250001,MEERUT,U P,1
UTTAR PRADESH,250002,MEERUT,,2
UTTAR PRADESH,250002,MEERUT,246 NEEL GALI SARFFA BAZAR216,1
UTTAR PRADESH,250002,MEERUT,NEEL GALISARAFFA BAZAAR,1
UTTAR PRADESH,250002,MEERUT,SARRAFA BAZARKUCHA NEEL,1
UTTAR PRADESH,250002,MEERUT,VELLY BAZARROAD,1
UTTAR PRADESH,251002,MUZAFFARNAGAR,,1
UTTAR PRADESH,262701,,,1
UTTAR PRADESH,272002,BASTI,PURANI,1
UTTAR PRADESH,273005,GORAKHPUR,GEETA PRESS POST,1
UTTAR PRADESH,273005,GORAKHPUR,GHANTAGHAR,1
UTTAR PRADESH,273005,GORAKHPUR,GITA PRESS,1
UTTAR PRADESH,274001,DEORIA,SRI SINGUR GENERAL STORES,1
UTTAR PRADESH,275101,MAU,A KHALSA UTTARTOLA QAZITOLA,1
UTTAR PRADESH,276001,AZAMGARH,ASIFGANJ AZAMGARH,1
UTTAR PRADESH,276001,AZAMGARH,PURANI KOTWALI,1
UTTAR PRADESH,276001,AZAMGARH,SADAR,1
UTTAR PRADESH,277001,BALLIA,SECOND FLOOR,1
UTTAR PRADESH,281001,MATHURA,,1
UTTAR PRADESH,281001,MATHURA,DALPAT KHIDAKI,1
UTTAR PRADESH,281001,MATHURA,DALPAT KHIDKI,1
UTTAR PRADESH,281001,MATHURA,GALI MEGHA,1
UTTAR PRADESH,282002,AGRA,U P 282002,1
UTTAR PRADESH,282003,AGRA,,1
UTTAR PRADESH,282003,AGRA,65 & 14,1
UTTAR PRADESH,282006,AGRA,68A INDUSTRIAL ESTATE NUNHAI,1
UTTAR PRADESH,284001,JHANSI,CANTT TOWNSHIP,1
UTTAR PRADESH,284001,JHANSI,WAKE MOHALLAGANDHIGHAR KA TAPRA,1
UTTARAKHAND,160104,DEHRADUN,ABOVE JHABBA LAL & CO,1
UTTARAKHAND,246171,RUDRAPRAYAG,VILL HEET NAGARSWAD SADHAN,1
UTTARAKHAND,246174,PAURI GARHWAL,SRINAGAR,1
UTTARAKHAND,248001,DEHRADUN,,1
UTTARAKHAND,248001,DEHRADUN,3DHAMAWALA MOHALLA,1
UTTARAKHAND,248001,DEHRADUN,MOHALLA,1
UTTARAKHAND,248001,HARIDWAR,JWALAPUR,1
UTTARAKHAND,249407,HARIDWAR,JWALAPUR,1
UTTARAKHAND,262501,PITHORAGARH,ISHWARI LAL,1
UTTARAKHAND,262502,PITHORAGARH,GOVIND LAL CHAUDHARI,1
UTTARAKHAND,263139,NAINITAL,CHAUDHRY COMPLEXSAH,1
UTTARAKHAND,263139,NAINITAL,PATEL CHOWKSAH,1
UTTARAKHAND,263139,NAINITAL,PIPLESHWAR MANDIR,1
UTTARAKHAND,263153,UDHAM SINGH NAGAR,PNDT IIE,1
UTTARAKHAND,263601,ALMORA,H,1
UTTARAKHAND,263601,ALMORA,PARIDHAN COLLECTION,1
WEST BENGAL,700006,KOLKATA,3RD FLOOR7A FAKIR CHAKRABORTY LANE,1
WEST BENGAL,700006,KOLKATA,BAGHBAZAR,1
WEST BENGAL,700006,KOLKATA,CHITTARANJAN,1
WEST BENGAL,700006,KOLKATA,FAKIR CHAKRABORTY LANE,1
WEST BENGAL,700006,KOLKATA,GARANHATTA,1
WEST BENGAL,700007,KOLKATA,,1
WEST BENGAL,700007,KOLKATA,26 ADI BANSTALA LANE3RD FLOOR,1
WEST BENGAL,700007,KOLKATA,4TH FLOOR4TH FLOOR,1
WEST BENGAL,700007,KOLKATA,5TH FLOOR,1
WEST BENGAL,700007,KOLKATA,6TH FLOOR,1
WEST BENGAL,700007,KOLKATA,BARABAZAR,5
WEST BENGAL,700007,KOLKATA,BO,2
WEST BENGAL,700007,KOLKATA,BURRA BAZARDO,1
WEST BENGAL,700007,KOLKATA,BURRABAZAR,2
WEST BENGAL,700007,KOLKATA,GR FLOOR,1
WEST BENGAL,700007,KOLKATA,HANSPUKUR FIRST LANE FIRST FLOORNEAR MARWARI BALIKA VIDHYALAYA,1
WEST BENGAL,700007,KOLKATA,KANNU LAL LANEBARABAZAR,1
WEST BENGAL,700007,KOLKATA,P2,1
WEST BENGAL,700012,KOLKATA,BO,12
WEST BENGAL,700012,KOLKATA,NABIN CHAND LANE,1
WEST BENGAL,700012,KOLKATA,PIN 700012,1
WEST BENGAL,700014,KOLKATA,NANIGOPAL ROYCHOWDHURY AVENUE,1
WEST BENGAL,700016,KOLKATA,99 A PARK STREET1ST FLOOR,1
WEST BENGAL,700017,KOLKATA,DR MARTIN LUTHER KING SARANI,1
WEST BENGAL,700019,KOLKATA,1 RASH BEHARI AVENUE,1
WEST BENGAL,700019,KOLKATA,1ST FLOORGARIAHAT,1
WEST BENGAL,700019,KOLKATA,BALLYGUNGE,2
WEST BENGAL,700019,KOLKATA,RASH BEHARI AVENUE,1
WEST BENGAL,700023,KOLKATA,KALIGHAT,1
WEST BENGAL,700025,KOLKATA,KALIGHAT,1
WEST BENGAL,700029,KOLKATA,BALLYGUNGE,1
WEST BENGAL,700034,KOLKATA,BEHALA,2
WEST BENGAL,700047,KOLKATA,NAKTALA,1
WEST BENGAL,700050,NORTH 24 PARGANAS,NOAPARA,2
WEST BENGAL,700071,KOLKATA,,1
WEST BENGAL,700071,KOLKATA,SHAKESPEARE SARANI,1
WEST BENGAL,700090,KOLKATA,KOL 700090,1
WEST BENGAL,700090,KOLKATA,P S BARANAGAR,1
WEST BENGAL,700090,KOLKATA,SENHATI,1
WEST BENGAL,700090,NORTH 24 PARGANAS,BARANAGAR,1
WEST BENGAL,700090,NORTH 24 PARGANAS,NOAPARA,1
WEST BENGAL,700107,KOLKATA,KASBA INDUSTRIAL ESTATEPHASE I,1
WEST BENGAL,700114,NORTH 24 PARGANAS,MADHYAMGRAM,1
WEST BENGAL,700114,NORTH 24 PARGANAS,SODEPUR,1
WEST BENGAL,700120,NORTH 24 PARGANAS,BARRACKPORE,1
WEST BENGAL,700124,NORTH 24 PARGANAS,BARASAT,2
WEST BENGAL,700124,NORTH 24 PARGANAS,GOBINDA BARACKBARASAT,1
WEST BENGAL,700129,NORTH 24 PARGANAS,BASIRHAT,1
WEST BENGAL,700129,NORTH 24 PARGANAS,MADHYAMGRAM,1
WEST BENGAL,700129,NORTH 24 PARGANAS,SODEPUR,1
WEST BENGAL,700144,SOUTH 24 PARGANAS,700 144,1
WEST BENGAL,700144,SOUTH 24 PARGANAS,P O & P S BARUIPUR,1
WEST BENGAL,711303,HOWRAH,BAGNAN,2
WEST BENGAL,711303,HOWRAH,BERABERIA,1
WEST BENGAL,711303,HOWRAH,BERABERIANORTH BAGNAN,1
WEST BENGAL,711404,HOWRAH,BARGACHIA,1
WEST BENGAL,711404,HOWRAH,SHIBRAMPUR BARGACHIA,1
WEST BENGAL,711405,HOWRAH,DAKSHIN JHAPARDAHA,1
WEST BENGAL,711405,HOWRAH,DOMJUR,3
WEST BENGAL,711405,HOWRAH,JAGADISHPUR ROADDOMJUR,1
WEST BENGAL,711409,HOWRAH,ANKURHATI,1
WEST BENGAL,711409,HOWRAH,CFB BUILDINGGEMS AND JEWELLERY PARK,1
WEST BENGAL,711409,HOWRAH,GEMS AND JEWELLERY PARK ANKURHATI,1
WEST BENGAL,712101,HOOGHLY,P O AND P S CHANDERNAGORE,1
WEST BENGAL,712124,KOLKATA,BO,1
WEST BENGAL,712136,HOOGHLY,P O AND P S CHANDERNAGORE,1
WEST BENGAL,712149,HOOGHLY,PANDUA,1
WEST BENGAL,712149,HOOGHLY,PIN 712149,1
WEST BENGAL,712203,HOOGHLY,37 KUMIRJALA ROADSERAMPORE,1
WEST BENGAL,712223,HOOGHLY,2 NONADANGA ROADSEORAPHULI,1
WEST BENGAL,712223,HOOGHLY,SHEORAPPHULY,1
WEST BENGAL,712258,HOOGHLY,148 GRAND TRUNK ROADUTTARPARA KOTRUNG,1
WEST BENGAL,712409,HOOGHLY,SINGUR,1
WEST BENGAL,712410,HOOGHLY,P O & P S TARAKESWAR,2
WEST BENGAL,712601,HOOGHLY,ARAMBAGH,1
WEST BENGAL,712601,HOOGHLY,P O & P S ARAMBAGH,1
WEST BENGAL,712701,HOOGHLY,MASAT,1
WEST BENGAL,713104,,,2
WEST BENGAL,713104,PURBA BARDHAMAN,BURDWAN,1
WEST BENGAL,713128,PURBA BARDHAMAN,GUSKARA,1
WEST BENGAL,713130,,,2
WEST BENGAL,713146,PURBA BARDHAMAN,MEMARI,1
WEST BENGAL,713213,,,2
WEST BENGAL,713213,PASCHIM BARDHAMAN,DURGAPUR,1
WEST BENGAL,713301,,,3
WEST BENGAL,713324,,,1
WEST BENGAL,713347,,,2
WEST BENGAL,713409,,,1
WEST BENGAL,721101,PASCHIM MEDINIPUR,BANDHAN LODGE DAKSHINPARABOXIBAZAR MIDNAPORE,1
WEST BENGAL,721101,PASCHIM MEDINIPUR,P O MIDNAPUR,1
WEST BENGAL,721116,PASCHIM MEDINIPUR,DEBRA,1
WEST BENGAL,721127,PASCHIM MEDINIPUR,GARHBETA,1
WEST BENGAL,721139,PURBA MEDINIPUR,VILLAGE DAKSHIN GOPALPURPANSKURA,1
WEST BENGAL,721146,PASCHIM MEDINIPUR,MAITY BHAWANGOBINDANAGAR,1
WEST BENGAL,721159,PURBA MEDINIPUR,CHANDIPUR,1
WEST BENGAL,721212,PASCHIM MEDINIPUR,ALAMGANJ POST GHATALALAMGANJ WEST MEDNIPUR,1
WEST BENGAL,721401,PURBA MEDINIPUR,CONTAI,2
WEST BENGAL,721429,PURBA MEDINIPUR,EGRA,1
WEST BENGAL,721429,PURBA MEDINIPUR,EGRA KASBA,1
WEST BENGAL,721430,PURBA MEDINIPUR,HERIA,1
WEST BENGAL,721430,PURBA MEDINIPUR,UDHAKHALI BAZARHERIA,1
WEST BENGAL,721434,PURBA MEDINIPUR,HERIA,1
WEST BENGAL,721441,PURBA MEDINIPUR,RAMNAGAR,1
WEST BENGAL,721441,PURBA MEDINIPUR,SAIYADPUR,1
WEST BENGAL,721507,JHARGRAM,P O,1
WEST BENGAL,721628,PURBA MEDINIPUR,GARKAMALPURMAHISADAL,1
WEST BENGAL,721628,PURBA MEDINIPUR,VILL GRAKAMALPUR PO MAHISHADALEAST MEDNIPUR,1
WEST BENGAL,721636,PURBA MEDINIPUR,A PARBATI PUR SUB POST OFFICE PARBATIPUR TALUK,1
WEST BENGAL,721636,PURBA MEDINIPUR,PURBA MEDINIPUR 721636,1
WEST BENGAL,721636,PURBA MEDINIPUR,W B 721636,1
WEST BENGAL,722101,BANKURA,,2
WEST BENGAL,722141,BANKURA,KOTALPUR,1
WEST BENGAL,722141,BANKURA,KOTULPUR,1
WEST BENGAL,723103,PURULIA,RAJASTHAN TRANSPORT GALLI,1
WEST BENGAL,731101,BIRBHUM,SURI,1
WEST BENGAL,731101,PASCHIM BARDHAMAN,DURGAPUR,1
WEST BENGAL,731204,BIRBHUM,BOLPUR,3
WEST BENGAL,731219,BIRBHUM,MURARAI,1
WEST BENGAL,731224,BIRBHUM,RAMPUR HAT,1
WEST BENGAL,731224,BIRBHUM,RAMPURHAT,2
WEST BENGAL,731234,BIRBHUM,SAINTHIA STATION ROADSAINTHIA,1
WEST BENGAL,731243,BIRBHUM,RAMPURHAT,1
WEST BENGAL,732101,,,1
WEST BENGAL,732101,MALDA,H,3
WEST BENGAL,732123,,,2
WEST BENGAL,733101,DAKSHIN DINAJPUR,MUKTARPARA,1
WEST BENGAL,733124,DAKSHIN DINAJPUR,BIPLABI KSHUDIRAM MARKETPOST & PS GANGARAMPUR,1
WEST BENGAL,733134,UTTAR DINAJPUR,MEDICINE STORE,1
WEST BENGAL,733134,UTTAR DINAJPUR,RAIGANJ,1
WEST BENGAL,733134,UTTAR DINAJPUR,UKILPARANEAR PUBLIC BUS STAND,1
WEST BENGAL,733202,UTTAR DINAJPUR,ISLAMPUR,1
WEST BENGAL,733202,UTTAR DINAJPUR,P O P S ISLAMPUR,1
WEST BENGAL,734001,DARJEELING,41KHUDIRAMPALLY SILIGURI,1
WEST BENGAL,734001,DARJEELING,KHUDIRAM PALLY,1
WEST BENGAL,734001,DARJEELING,KHUDIRAMPALLY,1
WEST BENGAL,734001,DARJEELING,SILIGURI,1
WEST BENGAL,735101,DARJEELING,SILIGURI,1
WEST BENGAL,735210,JALPAIGURI,DHUPGURI,1
WEST BENGAL,735211,ALIPURDUAR,FALAKATA,2
WEST BENGAL,735224,JALPAIGURI,DHUPGURI,1
WEST BENGAL,736101,,,2
WEST BENGAL,736101,COOCHBEHAR,COOCH BEHAR,1
WEST BENGAL,736121,ALIPURDUAR,SOBHAGANJ,1
WEST BENGAL,736146,ALIPURDUAR,FALAKATA,1
WEST BENGAL,736159,,,2
WEST BENGAL,741101,NADIA,1 SWARNAMOYEE LANE,1
WEST BENGAL,741101,NADIA,KRISHNANAGAR,2
WEST BENGAL,741101,NORTH 24 PARGANAS,NAIHATI,1
WEST BENGAL,741121,NADIA,P S TAHERPURP O BADKULLA,1
WEST BENGAL,741126,NADIA,KRISHNANAGAR,1
WEST BENGAL,741126,NADIA,RANAGHAT,1
WEST BENGAL,741137,NADIA,DEBGRAM STATION ROADKALIGANJ,1
WEST BENGAL,741137,NADIA,TEHATTA,1
WEST BENGAL,741152,NADIA,KARIMPUR,2
WEST BENGAL,741152,NADIA,PIN 741152,1
WEST BENGAL,741160,NADIA,KRISHNANAGAR,1
WEST BENGAL,741160,NADIA,TEHATTA,1
WEST BENGAL,741160,NADIA,TEHATTA BAZARTEHATTA,1
WEST BENGAL,741201,NADIA,RANAGHAT,3
WEST BENGAL,741222,NADIA,PIN 741222,1
WEST BENGAL,741302,NADIA,NABADWIP,2
WEST BENGAL,742103,MURSHIDABAD,KHAGRA,1
WEST BENGAL,742103,MURSHIDABAD,P S BERHAMPORE,1
WEST BENGAL,742103,MURSHIDABAD,PS BERHAMPORE,1
WEST BENGAL,742133,MURSHIDABAD,1 GANESHTALA ROADPOST & PS BELDANGA,1
WEST BENGAL,742133,MURSHIDABAD,BELDANGA,1
WEST BENGAL,742135,MURSHIDABAD,BHAGWANGOLA,1
WEST BENGAL,742135,MURSHIDABAD,P S BERHAMPORE,1
WEST BENGAL,742137,MURSHIDABAD,DANGAPARAPOST & PS KANDI,1
WEST BENGAL,742137,MURSHIDABAD,KANDI,1
WEST BENGAL,742137,MURSHIDABAD,KHAGRA,1
WEST BENGAL,742148,MURSHIDABAD,LALGOLA,1
WEST BENGAL,742148,MURSHIDABAD,POST & PS LALGOLA,1
WEST BENGAL,742163,MURSHIDABAD,BELDANGA,1
WEST BENGAL,742201,MURSHIDABAD,P S SUTI,1
WEST BENGAL,742201,MURSHIDABAD,UTTAR MAHAMMADPUR,1
WEST BENGAL,742202,MURSHIDABAD,P S SAMSERGANJ,1
WEST BENGAL,742213,MURSHIDABAD,LALGOLA,1
WEST BENGAL,742224,MURSHIDABAD,UTTAR MAHAMMADPUR,1
WEST BENGAL,742225,MURSHIDABAD,CHAULPATTIPOST & PS RAGHUNATHGANJ,1
WEST BENGAL,742225,MURSHIDABAD,KHATIANNO 4740MOUZA RAGHUNATHGANJ BAZARPARA,1
WEST BENGAL,742303,NADIA,KARIMPUR,1
WEST BENGAL,742304,MURSHIDABAD,SONAPATTI,1
WEST BENGAL,743145,NORTH 24 PARGANAS,HABRA,1
WEST BENGAL,743145,NORTH 24 PARGANAS,KANCHRAPARA,1
WEST BENGAL,743165,NORTH 24 PARGANAS,NAIHATI,1
WEST BENGAL,743165,NORTH 24 PARGANAS,P S NAIHATI,1
WEST BENGAL,743165,NORTH 24 PARGANAS,W B,1
WEST BENGAL,743235,NORTH 24 PARGANAS,BONGAONNORTH 24 PARGANS 743235,1
WEST BENGAL,743235,NORTH 24 PARGANAS,P S BONGAON,1
WEST BENGAL,743263,NORTH 24 PARGANAS,HABRA,2
WEST BENGAL,743263,NORTH 24 PARGANAS,OLD UBI LANE,1
WEST BENGAL,743347,SOUTH 24 PARGANAS,KAKDWIP,1
WEST BENGAL,743395,SOUTH 24 PARGANAS,BISHNUPUR,1
WEST BENGAL,743398,SOUTH 24 PARGANAS,BATA,1
WEST BENGAL,743411,NORTH 24 PARGANAS,BARASAT,1
WEST BENGAL,743411,NORTH 24 PARGANAS,BASIRHAT,1
WEST BENGAL,743411,NORTH 24 PARGANAS,HABRA,1
WEST BENGAL,743411,NORTH 24 PARGANAS,ITINDA ROADPOST & PS BASIRHAT,1
WEST BENGAL,743412,NORTH 24 PARGANAS,BASIRHATDIST NORTH 24 PARGANS,1
WEST BENGAL,743503,SOUTH 24 PARGANAS,KANYANAGAR,1
